Criterio;Peso (%);ERPNext (1-5);ERPNext ponderado;Odoo (1-5);Odoo ponderado;Dolibarr (1-5);Dolibarr ponderado
Adecuación funcional para una empresa de eventos;25;4;20.0;5;25.0;4;20.0
CRM y gestión de clientes/prospectos;15;5;15.0;5;15.0;4;12.0
Gestión de tareas y seguimiento de eventos;15;5;15.0;5;15.0;4;12.0
Coste total de propiedad (TCO);15;4;12.0;3;9.0;5;15.0
Facilidad de uso y puesta en marcha;10;3;6.0;4;8.0;4;8.0
Personalización e integraciones;10;4;8.0;5;10.0;4;8.0
Soporte y comunidad;5;4;4.0;5;5.0;4;4.0
Portabilidad y migración futura;5;4;4.0;3;3.0;5;5.0
TOTAL;100;;84;;90;;84
